file_name,network,station,instrument_type,station_lat,station_lon,station_elv,p_arrival_time,p_probability,s_arrival_time,s_probability,start_dt,end_dt,source_file
KORF/HE.KORF..CHZ__20250102T093411Z__20250102T093511Z.mseed,HE,KORF,0,0,0,0,2025-01-02 09:35:21.232000,0.115,,,2025-01-02 09:34:11.000000,2025-01-02 09:35:11.000000,eqcct_noise_th0_1/20250102T093411Z_20250102T093511Z/KORF_outputs/X_prediction_results.csv
RAJF/FN.RAJF..HHZ__20250102T100056Z__20250102T100156Z.mseed,FN,RAJF,0,0,0,0,2025-01-02 10:02:07.480000,0.109,,,2025-01-02 10:00:56.000000,2025-01-02 10:01:56.000000,eqcct_noise_th0_1/20250102T100056Z_20250102T100156Z/RAJF_outputs/X_prediction_results.csv
FIC2/HE.FIC2..HHZ__20250102T103627Z__20250102T103727Z.mseed,HE,FIC2,0,0,0,0,2025-01-02 10:36:32.020000,0.111,,,2025-01-02 10:36:27.000000,2025-01-02 10:37:27.000000,eqcct_noise_th0_1/20250102T103627Z_20250102T103727Z/FIC2_outputs/X_prediction_results.csv
KLF/FN.KLF..BHZ__20250102T114251Z__20250102T114351Z.mseed,FN,KLF,0,0,0,0,2025-01-02 11:42:55.260000,0.131,,,2025-01-02 11:42:51.000000,2025-01-02 11:43:51.000000,eqcct_noise_th0_1/20250102T114251Z_20250102T114351Z/KLF_outputs/X_prediction_results.csv
RANF/FN.RANF..HHZ__20250102T122538Z__20250102T122638Z.mseed,FN,RANF,0,0,0,0,2025-01-02 12:26:48.650000,0.147,,,2025-01-02 12:25:38.000000,2025-01-02 12:26:38.000000,eqcct_noise_th0_1/20250102T122538Z_20250102T122638Z/RANF_outputs/X_prediction_results.csv
FIB6/HE.FIB6..HHE__20250102T193314Z__20250102T193414Z.mseed,HE,FIB6,0,0,0,0,2025-01-02 19:33:18.800000,0.267,,,2025-01-02 19:33:14.000000,2025-01-02 19:34:14.000000,eqcct_noise_th0_1/20250102T193314Z_20250102T193414Z/FIB6_outputs/X_prediction_results.csv
HEL1/HE.HEL1..HHN__20250102T194922Z__20250102T195022Z.mseed,HE,HEL1,0,0,0,0,2025-01-02 19:49:26.744000,0.386,,,2025-01-02 19:49:22.000000,2025-01-02 19:50:22.000000,eqcct_noise_th0_1/20250102T194922Z_20250102T195022Z/HEL1_outputs/X_prediction_results.csv
KORF/HE.KORF..CHE__20250102T203630Z__20250102T203730Z.mseed,HE,KORF,0,0,0,0,2025-01-02 20:36:34.708000,0.131,,,2025-01-02 20:36:30.000000,2025-01-02 20:37:30.000000,eqcct_noise_th0_1/20250102T203630Z_20250102T203730Z/KORF_outputs/X_prediction_results.csv
NIF/HE.NIF..HHE__20250102T203931Z__20250102T204031Z.mseed,HE,NIF,0,0,0,0,2025-01-02 20:39:35.372000,0.174,,,2025-01-02 20:39:31.000000,2025-01-02 20:40:31.000000,eqcct_noise_th0_1/20250102T203931Z_20250102T204031Z/NIF_outputs/X_prediction_results.csv
KEV/HE.KEV..HHN__20250102T220946Z__20250102T221046Z.mseed,HE,KEV,0,0,0,0,2025-01-02 22:10:55.090000,0.112,,,2025-01-02 22:09:46.000000,2025-01-02 22:10:46.000000,eqcct_noise_th0_1/20250102T220946Z_20250102T221046Z/KEV_outputs/X_prediction_results.csv
KORF/HE.KORF..CHE__20250102T231851Z__20250102T231951Z.mseed,HE,KORF,0,0,0,0,2025-01-02 23:18:55.278000,0.198,,,2025-01-02 23:18:51.000000,2025-01-02 23:19:51.000000,eqcct_noise_th0_1/20250102T231851Z_20250102T231951Z/KORF_outputs/X_prediction_results.csv
KPF/HE.KPF..HHE__20250102T233052Z__20250102T233152Z.mseed,HE,KPF,0,0,0,0,2025-01-02 23:32:02.892000,0.14,,,2025-01-02 23:30:52.000000,2025-01-02 23:31:52.000000,eqcct_noise_th0_1/20250102T233052Z_20250102T233152Z/KPF_outputs/X_prediction_results.csv
HEF/HE.HEF..HHE__20250103T011017Z__20250103T011117Z.mseed,HE,HEF,0,0,0,0,2025-01-03 01:10:21.580000,0.158,,,2025-01-03 01:10:17.000000,2025-01-03 01:11:17.000000,eqcct_noise_th0_1/20250103T011017Z_20250103T011117Z/HEF_outputs/X_prediction_results.csv
KORF/HE.KORF..CHZ__20250103T022852Z__20250103T022952Z.mseed,HE,KORF,0,0,0,0,2025-01-03 02:30:01.186000,0.119,,,2025-01-03 02:28:52.000000,2025-01-03 02:29:52.000000,eqcct_noise_th0_1/20250103T022852Z_20250103T022952Z/KORF_outputs/X_prediction_results.csv
FIC5/HE.FIC5..HHN__20250103T033258Z__20250103T033358Z.mseed,HE,FIC5,0,0,0,0,2025-01-03 03:33:02.130000,0.446,,,2025-01-03 03:32:58.000000,2025-01-03 03:33:58.000000,eqcct_noise_th0_1/20250103T033258Z_20250103T033358Z/FIC5_outputs/X_prediction_results.csv
OBF3/HE.OBF3..HHN__20250103T042342Z__20250103T042442Z.mseed,HE,OBF3,0,0,0,0,2025-01-03 04:23:46.776000,0.152,,,2025-01-03 04:23:42.000000,2025-01-03 04:24:42.000000,eqcct_noise_th0_1/20250103T042342Z_20250103T042442Z/OBF3_outputs/X_prediction_results.csv
FIC6/HE.FIC6..HHE__20250103T092648Z__20250103T092748Z.mseed,HE,FIC6,0,0,0,0,2025-01-03 09:26:52.480000,0.118,,,2025-01-03 09:26:48.000000,2025-01-03 09:27:48.000000,eqcct_noise_th0_1/20250103T092648Z_20250103T092748Z/FIC6_outputs/X_prediction_results.csv
FIA1/HE.FIA1..HHN__20250103T094048Z__20250103T094148Z.mseed,HE,FIA1,0,0,0,0,2025-01-03 09:40:52.220000,0.427,,,2025-01-03 09:40:48.000000,2025-01-03 09:41:48.000000,eqcct_noise_th0_1/20250103T094048Z_20250103T094148Z/FIA1_outputs/X_prediction_results.csv
KIF/HE.KIF..HHN__20250103T143602Z__20250103T143702Z.mseed,HE,KIF,0,0,0,0,,,2025-01-03 14:36:48.610000,0.134,2025-01-03 14:36:02.000000,2025-01-03 14:37:02.000000,eqcct_noise_th0_1/20250103T143602Z_20250103T143702Z/KIF_outputs/X_prediction_results.csv
HEF/HE.HEF..HHN__20250103T161141Z__20250103T161241Z.mseed,HE,HEF,0,0,0,0,,,2025-01-03 16:11:57.690000,0.251,2025-01-03 16:11:41.000000,2025-01-03 16:12:41.000000,eqcct_noise_th0_1/20250103T161141Z_20250103T161241Z/HEF_outputs/X_prediction_results.csv
NIF/HE.NIF..HHZ__20250103T164316Z__20250103T164416Z.mseed,HE,NIF,0,0,0,0,2025-01-03 16:43:20.014000,0.533,,,2025-01-03 16:43:16.000000,2025-01-03 16:44:16.000000,eqcct_noise_th0_1/20250103T164316Z_20250103T164416Z/NIF_outputs/X_prediction_results.csv
KEV/HE.KEV..HHN__20250103T180922Z__20250103T181022Z.mseed,HE,KEV,0,0,0,0,2025-01-03 18:10:32.460000,0.166,,,2025-01-03 18:09:22.000000,2025-01-03 18:10:22.000000,eqcct_noise_th0_1/20250103T180922Z_20250103T181022Z/KEV_outputs/X_prediction_results.csv
FIC5/HE.FIC5..HHZ__20250103T181922Z__20250103T182022Z.mseed,HE,FIC5,0,0,0,0,2025-01-03 18:19:26.710000,0.321,,,2025-01-03 18:19:22.000000,2025-01-03 18:20:22.000000,eqcct_noise_th0_1/20250103T181922Z_20250103T182022Z/FIC5_outputs/X_prediction_results.csv
RANF/FN.RANF..BHZ__20250103T183159Z__20250103T183259Z.mseed,FN,RANF,0,0,0,0,2025-01-03 18:32:03.700000,0.121,,,2025-01-03 18:31:59.000000,2025-01-03 18:32:59.000000,eqcct_noise_th0_1/20250103T183159Z_20250103T183259Z/RANF_outputs/X_prediction_results.csv
MEF/HE.MEF..HHE__20250103T185536Z__20250103T185636Z.mseed,HE,MEF,0,0,0,0,2025-01-03 18:55:40.420000,0.501,,,2025-01-03 18:55:36.000000,2025-01-03 18:56:36.000000,eqcct_noise_th0_1/20250103T185536Z_20250103T185636Z/MEF_outputs/X_prediction_results.csv
KPF/HE.KPF..HHZ__20250103T211402Z__20250103T211502Z.mseed,HE,KPF,0,0,0,0,2025-01-03 21:15:13.324000,0.111,,,2025-01-03 21:14:02.000000,2025-01-03 21:15:02.000000,eqcct_noise_th0_1/20250103T211402Z_20250103T211502Z/KPF_outputs/X_prediction_results.csv
OUF/HE.OUF..HHZ__20250103T224357Z__20250103T224457Z.mseed,HE,OUF,0,0,0,0,2025-01-03 22:44:01.750000,0.682,,,2025-01-03 22:43:57.000000,2025-01-03 22:44:57.000000,eqcct_noise_th0_1/20250103T224357Z_20250103T224457Z/OUF_outputs/X_prediction_results.csv
KMNF/FN.KMNF..HHE__20250103T233005Z__20250103T233105Z.mseed,FN,KMNF,0,0,0,0,2025-01-03 23:30:09.080000,0.1,,,2025-01-03 23:30:05.000000,2025-01-03 23:31:05.000000,eqcct_noise_th0_1/20250103T233005Z_20250103T233105Z/KMNF_outputs/X_prediction_results.csv
HEF/HE.HEF..HHZ__20250103T233009Z__20250103T233109Z.mseed,HE,HEF,0,0,0,0,2025-01-03 23:31:19.320000,0.101,,,2025-01-03 23:30:09.000000,2025-01-03 23:31:09.000000,eqcct_noise_th0_1/20250103T233009Z_20250103T233109Z/HEF_outputs/X_prediction_results.csv
OBF3/HE.OBF3..HHZ__20250104T001517Z__20250104T001617Z.mseed,HE,OBF3,0,0,0,0,2025-01-04 00:15:21.980000,0.307,,,2025-01-04 00:15:17.000000,2025-01-04 00:16:17.000000,eqcct_noise_th0_1/20250104T001517Z_20250104T001617Z/OBF3_outputs/X_prediction_results.csv
OBF0/HE.OBF0..SHN__20250104T025302Z__20250104T025402Z.mseed,HE,OBF0,0,0,0,0,2025-01-04 02:53:06.446000,0.215,,,2025-01-04 02:53:02.000000,2025-01-04 02:54:02.000000,eqcct_noise_th0_1/20250104T025302Z_20250104T025402Z/OBF0_outputs/X_prediction_results.csv
FIA1/HE.FIA1..HHN__20250104T055932Z__20250104T060032Z.mseed,HE,FIA1,0,0,0,0,2025-01-04 05:59:36.560000,0.212,,,2025-01-04 05:59:32.000000,2025-01-04 06:00:32.000000,eqcct_noise_th0_1/20250104T055932Z_20250104T060032Z/FIA1_outputs/X_prediction_results.csv
ALAJF/HE.ALAJF..HHE__20250104T063809Z__20250104T063909Z.mseed,HE,ALAJF,0,0,0,0,2025-01-04 06:38:13.694000,0.107,,,2025-01-04 06:38:09.000000,2025-01-04 06:39:09.000000,eqcct_noise_th0_1/20250104T063809Z_20250104T063909Z/ALAJF_outputs/X_prediction_results.csv
HEL1/HE.HEL1..HHZ__20250104T071937Z__20250104T072037Z.mseed,HE,HEL1,0,0,0,0,2025-01-04 07:19:41.264000,0.172,,,2025-01-04 07:19:37.000000,2025-01-04 07:20:37.000000,eqcct_noise_th0_1/20250104T071937Z_20250104T072037Z/HEL1_outputs/X_prediction_results.csv
KLF/FN.KLF..HHZ__20250104T083459Z__20250104T083559Z.mseed,FN,KLF,0,0,0,0,2025-01-04 08:36:10.830000,0.103,,,2025-01-04 08:34:59.000000,2025-01-04 08:35:59.000000,eqcct_noise_th0_1/20250104T083459Z_20250104T083559Z/KLF_outputs/X_prediction_results.csv
KIF/HE.KIF..HHZ__20250104T090321Z__20250104T090421Z.mseed,HE,KIF,0,0,0,0,2025-01-04 09:03:57.490000,0.365,2025-01-04 09:04:00.810000,0.409,2025-01-04 09:03:21.000000,2025-01-04 09:04:21.000000,eqcct_noise_th0_1/20250104T090321Z_20250104T090421Z/KIF_outputs/X_prediction_results.csv
KMNF/FN.KMNF..BHN__20250104T115408Z__20250104T115508Z.mseed,FN,KMNF,0,0,0,0,2025-01-04 11:54:12.750000,0.18,2025-01-04 11:54:26.840000,0.377,2025-01-04 11:54:08.000000,2025-01-04 11:55:08.000000,eqcct_noise_th0_1/20250104T115408Z_20250104T115508Z/KMNF_outputs/X_prediction_results.csv
KU6/HE.KU6..HHZ__20250104T140313Z__20250104T140413Z.mseed,HE,KU6,0,0,0,0,,,2025-01-04 14:03:34.230000,0.748,2025-01-04 14:03:13.000000,2025-01-04 14:04:13.000000,eqcct_noise_th0_1/20250104T140313Z_20250104T140413Z/KU6_outputs/X_prediction_results.csv
RAF/HE.RAF..HHN__20250104T162709Z__20250104T162809Z.mseed,HE,RAF,0,0,0,0,2025-01-04 16:27:13.530000,0.118,,,2025-01-04 16:27:09.000000,2025-01-04 16:28:09.000000,eqcct_noise_th0_1/20250104T162709Z_20250104T162809Z/RAF_outputs/X_prediction_results.csv
KIF/HE.KIF..HHE__20250104T233437Z__20250104T233537Z.mseed,HE,KIF,0,0,0,0,2025-01-04 23:34:41.050000,0.655,2025-01-04 23:34:48.020000,0.225,2025-01-04 23:34:37.000000,2025-01-04 23:35:37.000000,eqcct_noise_th0_1/20250104T233437Z_20250104T233537Z/KIF_outputs/X_prediction_results.csv
KPF/HE.KPF..HHN__20250105T013705Z__20250105T013805Z.mseed,HE,KPF,0,0,0,0,2025-01-05 01:37:09.444000,0.111,,,2025-01-05 01:37:05.000000,2025-01-05 01:38:05.000000,eqcct_noise_th0_1/20250105T013705Z_20250105T013805Z/KPF_outputs/X_prediction_results.csv
KPF/HE.KPF..HHN__20250105T013705Z__20250105T013805Z.mseed,HE,KPF,0,0,0,0,2025-01-05 01:38:15.374000,0.157,,,2025-01-05 01:37:05.000000,2025-01-05 01:38:05.000000,eqcct_noise_th0_1/20250105T013705Z_20250105T013805Z/KPF_outputs/X_prediction_results.csv
OBF3/HE.OBF3..HHZ__20250105T061359Z__20250105T061459Z.mseed,HE,OBF3,0,0,0,0,2025-01-05 06:14:04.006000,0.21,2025-01-05 06:14:24.086000,0.387,2025-01-05 06:13:59.000000,2025-01-05 06:14:59.000000,eqcct_noise_th0_1/20250105T061359Z_20250105T061459Z/OBF3_outputs/X_prediction_results.csv
FIC3/HE.FIC3..HHN__20250105T062440Z__20250105T062540Z.mseed,HE,FIC3,0,0,0,0,2025-01-05 06:24:44.770000,0.246,,,2025-01-05 06:24:40.000000,2025-01-05 06:25:40.000000,eqcct_noise_th0_1/20250105T062440Z_20250105T062540Z/FIC3_outputs/X_prediction_results.csv
KEV/HE.KEV..HHZ__20250105T063808Z__20250105T063908Z.mseed,HE,KEV,0,0,0,0,2025-01-05 06:39:19.560000,0.111,,,2025-01-05 06:38:08.000000,2025-01-05 06:39:08.000000,eqcct_noise_th0_1/20250105T063808Z_20250105T063908Z/KEV_outputs/X_prediction_results.csv
KIF/HE.KIF..HHE__20250105T065306Z__20250105T065406Z.mseed,HE,KIF,0,0,0,0,2025-01-05 06:53:10.970000,0.341,2025-01-05 06:53:42.480000,0.45,2025-01-05 06:53:06.000000,2025-01-05 06:54:06.000000,eqcct_noise_th0_1/20250105T065306Z_20250105T065406Z/KIF_outputs/X_prediction_results.csv
KEF/HE.KEF..HHN__20250105T072003Z__20250105T072103Z.mseed,HE,KEF,0,0,0,0,2025-01-05 07:20:07.380000,0.392,,,2025-01-05 07:20:03.000000,2025-01-05 07:21:03.000000,eqcct_noise_th0_1/20250105T072003Z_20250105T072103Z/KEF_outputs/X_prediction_results.csv
TRE03/HE.TRE03..CHN__20250105T080336Z__20250105T080436Z.mseed,HE,TRE03,0,0,0,0,2025-01-05 08:03:40.424000,0.207,,,2025-01-05 08:03:36.000000,2025-01-05 08:04:36.000000,eqcct_noise_th0_1/20250105T080336Z_20250105T080436Z/TRE03_outputs/X_prediction_results.csv
FIC6/HE.FIC6..HHZ__20250105T092755Z__20250105T092855Z.mseed,HE,FIC6,0,0,0,0,2025-01-05 09:27:59.590000,0.576,,,2025-01-05 09:27:55.000000,2025-01-05 09:28:55.000000,eqcct_noise_th0_1/20250105T092755Z_20250105T092855Z/FIC6_outputs/X_prediction_results.csv
HEF/HE.HEF..HHN__20250105T092917Z__20250105T093017Z.mseed,HE,HEF,0,0,0,0,2025-01-05 09:29:21.980000,0.351,,,2025-01-05 09:29:17.000000,2025-01-05 09:30:17.000000,eqcct_noise_th0_1/20250105T092917Z_20250105T093017Z/HEF_outputs/X_prediction_results.csv
FIB2/HE.FIB2..HHN__20250105T135350Z__20250105T135450Z.mseed,HE,FIB2,0,0,0,0,2025-01-05 13:53:54.870000,0.734,,,2025-01-05 13:53:50.000000,2025-01-05 13:54:50.000000,eqcct_noise_th0_1/20250105T135350Z_20250105T135450Z/FIB2_outputs/X_prediction_results.csv
HEF/HE.HEF..HHZ__20250105T143803Z__20250105T143903Z.mseed,HE,HEF,0,0,0,0,2025-01-05 14:38:07.490000,0.136,,,2025-01-05 14:38:03.000000,2025-01-05 14:39:03.000000,eqcct_noise_th0_1/20250105T143803Z_20250105T143903Z/HEF_outputs/X_prediction_results.csv
FIC1/HE.FIC1..HHN__20250105T151534Z__20250105T151634Z.mseed,HE,FIC1,0,0,0,0,,,2025-01-05 15:15:57.300000,0.504,2025-01-05 15:15:34.000000,2025-01-05 15:16:34.000000,eqcct_noise_th0_1/20250105T151534Z_20250105T151634Z/FIC1_outputs/X_prediction_results.csv
KAF/HE.KAF..HHN__20250105T151841Z__20250105T151941Z.mseed,HE,KAF,0,0,0,0,2025-01-05 15:18:45.420000,0.226,,,2025-01-05 15:18:41.000000,2025-01-05 15:19:41.000000,eqcct_noise_th0_1/20250105T151841Z_20250105T151941Z/KAF_outputs/X_prediction_results.csv
FIC4/HE.FIC4..HHE__20250105T161147Z__20250105T161247Z.mseed,HE,FIC4,0,0,0,0,2025-01-05 16:11:51.770000,0.15,,,2025-01-05 16:11:47.000000,2025-01-05 16:12:47.000000,eqcct_noise_th0_1/20250105T161147Z_20250105T161247Z/FIC4_outputs/X_prediction_results.csv
KU2/HE.KU2..SHN__20250105T184403Z__20250105T184503Z.mseed,HE,KU2,0,0,0,0,2025-01-05 18:44:09.260000,0.147,,,2025-01-05 18:44:03.000000,2025-01-05 18:45:03.000000,eqcct_noise_th0_1/20250105T184403Z_20250105T184503Z/KU2_outputs/X_prediction_results.csv
KEV/HE.KEV..HHN__20250105T204110Z__20250105T204210Z.mseed,HE,KEV,0,0,0,0,2025-01-05 20:42:19.220000,0.127,,,2025-01-05 20:41:10.000000,2025-01-05 20:42:10.000000,eqcct_noise_th0_1/20250105T204110Z_20250105T204210Z/KEV_outputs/X_prediction_results.csv
KEV/HE.KEV..HHE__20250105T213911Z__20250105T214011Z.mseed,HE,KEV,0,0,0,0,2025-01-05 21:39:15.170000,0.607,,,2025-01-05 21:39:11.000000,2025-01-05 21:40:11.000000,eqcct_noise_th0_1/20250105T213911Z_20250105T214011Z/KEV_outputs/X_prediction_results.csv
KMNF/FN.KMNF..HHN__20250105T235235Z__20250105T235335Z.mseed,FN,KMNF,0,0,0,0,2025-01-05 23:53:46.830000,0.123,,,2025-01-05 23:52:35.000000,2025-01-05 23:53:35.000000,eqcct_noise_th0_1/20250105T235235Z_20250105T235335Z/KMNF_outputs/X_prediction_results.csv
VRF/HE.VRF..HHN__20250106T004606Z__20250106T004706Z.mseed,HE,VRF,0,0,0,0,2025-01-06 00:46:10.650000,0.326,,,2025-01-06 00:46:06.000000,2025-01-06 00:47:06.000000,eqcct_noise_th0_1/20250106T004606Z_20250106T004706Z/VRF_outputs/X_prediction_results.csv
TRE03/HE.TRE03..CHE__20250106T013247Z__20250106T013347Z.mseed,HE,TRE03,0,0,0,0,2025-01-06 01:32:51.564000,0.18,,,2025-01-06 01:32:47.000000,2025-01-06 01:33:47.000000,eqcct_noise_th0_1/20250106T013247Z_20250106T013347Z/TRE03_outputs/X_prediction_results.csv
KLF/FN.KLF..HHN__20250106T025459Z__20250106T025559Z.mseed,FN,KLF,0,0,0,0,2025-01-06 02:56:09.340000,0.113,,,2025-01-06 02:54:59.000000,2025-01-06 02:55:59.000000,eqcct_noise_th0_1/20250106T025459Z_20250106T025559Z/KLF_outputs/X_prediction_results.csv
KPF/HE.KPF..HHE__20250106T070218Z__20250106T070318Z.mseed,HE,KPF,0,0,0,0,2025-01-06 07:02:22.370000,0.164,,,2025-01-06 07:02:18.000000,2025-01-06 07:03:18.000000,eqcct_noise_th0_1/20250106T070218Z_20250106T070318Z/KPF_outputs/X_prediction_results.csv
TRE03/HE.TRE03..CHZ__20250106T085431Z__20250106T085531Z.mseed,HE,TRE03,0,0,0,0,2025-01-06 08:54:36.204000,0.657,2025-01-06 08:54:41.194000,0.784,2025-01-06 08:54:31.000000,2025-01-06 08:55:31.000000,eqcct_noise_th0_1/20250106T085431Z_20250106T085531Z/TRE03_outputs/X_prediction_results.csv
FIC2/HE.FIC2..HHN__20250106T095158Z__20250106T095258Z.mseed,HE,FIC2,0,0,0,0,2025-01-06 09:52:02.040000,0.466,2025-01-06 09:52:03.830000,0.321,2025-01-06 09:51:58.000000,2025-01-06 09:52:58.000000,eqcct_noise_th0_1/20250106T095158Z_20250106T095258Z/FIC2_outputs/X_prediction_results.csv
RAJF/FN.RAJF..HHE__20250106T102829Z__20250106T102929Z.mseed,FN,RAJF,0,0,0,0,2025-01-06 10:29:38.560000,0.108,,,2025-01-06 10:28:29.000000,2025-01-06 10:29:29.000000,eqcct_noise_th0_1/20250106T102829Z_20250106T102929Z/RAJF_outputs/X_prediction_results.csv
KU2/HE.KU2..SHN__20250106T112544Z__20250106T112644Z.mseed,HE,KU2,0,0,0,0,2025-01-06 11:25:49.158000,0.277,,,2025-01-06 11:25:44.000000,2025-01-06 11:26:44.000000,eqcct_noise_th0_1/20250106T112544Z_20250106T112644Z/KU2_outputs/X_prediction_results.csv
KMNF/FN.KMNF..BHN__20250106T123424Z__20250106T123524Z.mseed,FN,KMNF,0,0,0,0,2025-01-06 12:35:35.000000,0.111,,,2025-01-06 12:34:24.000000,2025-01-06 12:35:24.000000,eqcct_noise_th0_1/20250106T123424Z_20250106T123524Z/KMNF_outputs/X_prediction_results.csv
KEV/HE.KEV..HHZ__20250106T185445Z__20250106T185545Z.mseed,HE,KEV,0,0,0,0,2025-01-06 18:55:56.850000,0.107,,,2025-01-06 18:54:45.000000,2025-01-06 18:55:45.000000,eqcct_noise_th0_1/20250106T185445Z_20250106T185545Z/KEV_outputs/X_prediction_results.csv
AAL/UP.AAL..HHE__20250106T192255Z__20250106T192355Z.mseed,UP,AAL,0,0,0,0,2025-01-06 19:24:05.040000,0.137,,,2025-01-06 19:22:55.000000,2025-01-06 19:23:55.000000,eqcct_noise_th0_1/20250106T192255Z_20250106T192355Z/AAL_outputs/X_prediction_results.csv
RAF/HE.RAF..HHN__20250106T225313Z__20250106T225413Z.mseed,HE,RAF,0,0,0,0,2025-01-06 22:53:17.490000,0.133,,,2025-01-06 22:53:13.000000,2025-01-06 22:54:13.000000,eqcct_noise_th0_1/20250106T225313Z_20250106T225413Z/RAF_outputs/X_prediction_results.csv
KORF/HE.KORF..CHN__20250107T005400Z__20250107T005500Z.mseed,HE,KORF,0,0,0,0,2025-01-07 00:54:05.076000,0.308,2025-01-07 00:54:13.586000,0.437,2025-01-07 00:54:00.000000,2025-01-07 00:55:00.000000,eqcct_noise_th0_1/20250107T005400Z_20250107T005500Z/KORF_outputs/X_prediction_results.csv
KMNF/FN.KMNF..HHE__20250107T012155Z__20250107T012255Z.mseed,FN,KMNF,0,0,0,0,2025-01-07 01:21:59.010000,0.121,,,2025-01-07 01:21:55.000000,2025-01-07 01:22:55.000000,eqcct_noise_th0_1/20250107T012155Z_20250107T012255Z/KMNF_outputs/X_prediction_results.csv
HEF/HE.HEF..HHN__20250107T012810Z__20250107T012910Z.mseed,HE,HEF,0,0,0,0,2025-01-07 01:28:14.310000,0.49,,,2025-01-07 01:28:10.000000,2025-01-07 01:29:10.000000,eqcct_noise_th0_1/20250107T012810Z_20250107T012910Z/HEF_outputs/X_prediction_results.csv
HEF/HE.HEF..HHN__20250107T012810Z__20250107T012910Z.mseed,HE,HEF,0,0,0,0,2025-01-07 01:29:20.300000,0.109,,,2025-01-07 01:28:10.000000,2025-01-07 01:29:10.000000,eqcct_noise_th0_1/20250107T012810Z_20250107T012910Z/HEF_outputs/X_prediction_results.csv
OBF0/HE.OBF0..SHN__20250107T013545Z__20250107T013645Z.mseed,HE,OBF0,0,0,0,0,2025-01-07 01:35:49.768000,0.106,,,2025-01-07 01:35:45.000000,2025-01-07 01:36:45.000000,eqcct_noise_th0_1/20250107T013545Z_20250107T013645Z/OBF0_outputs/X_prediction_results.csv
KORF/HE.KORF..CHN__20250107T030032Z__20250107T030132Z.mseed,HE,KORF,0,0,0,0,2025-01-07 03:00:36.774000,0.708,2025-01-07 03:00:47.564000,0.729,2025-01-07 03:00:32.000000,2025-01-07 03:01:32.000000,eqcct_noise_th0_1/20250107T030032Z_20250107T030132Z/KORF_outputs/X_prediction_results.csv
JOF/HE.JOF..HHN__20250107T030732Z__20250107T030832Z.mseed,HE,JOF,0,0,0,0,2025-01-07 03:07:36.860000,0.166,,,2025-01-07 03:07:32.000000,2025-01-07 03:08:32.000000,eqcct_noise_th0_1/20250107T030732Z_20250107T030832Z/JOF_outputs/X_prediction_results.csv
OBF0/HE.OBF0..SHZ__20250107T054242Z__20250107T054342Z.mseed,HE,OBF0,0,0,0,0,,,2025-01-07 05:43:00.758000,0.167,2025-01-07 05:42:42.000000,2025-01-07 05:43:42.000000,eqcct_noise_th0_1/20250107T054242Z_20250107T054342Z/OBF0_outputs/X_prediction_results.csv
OUF/HE.OUF..HHN__20250107T084153Z__20250107T084253Z.mseed,HE,OUF,0,0,0,0,2025-01-07 08:41:57.010000,0.14,2025-01-07 08:42:11.450000,0.632,2025-01-07 08:41:53.000000,2025-01-07 08:42:53.000000,eqcct_noise_th0_1/20250107T084153Z_20250107T084253Z/OUF_outputs/X_prediction_results.csv
RAJF/FN.RAJF..HHN__20250107T134258Z__20250107T134358Z.mseed,FN,RAJF,0,0,0,0,2025-01-07 13:44:09.010000,0.134,,,2025-01-07 13:42:58.000000,2025-01-07 13:43:58.000000,eqcct_noise_th0_1/20250107T134258Z_20250107T134358Z/RAJF_outputs/X_prediction_results.csv
KEV/HE.KEV..HHN__20250107T155717Z__20250107T155817Z.mseed,HE,KEV,0,0,0,0,2025-01-07 15:58:27.510000,0.134,,,2025-01-07 15:57:17.000000,2025-01-07 15:58:17.000000,eqcct_noise_th0_1/20250107T155717Z_20250107T155817Z/KEV_outputs/X_prediction_results.csv
KPF/HE.KPF..HHN__20250107T192902Z__20250107T193002Z.mseed,HE,KPF,0,0,0,0,2025-01-07 19:30:13.688000,0.117,,,2025-01-07 19:29:02.000000,2025-01-07 19:30:02.000000,eqcct_noise_th0_1/20250107T192902Z_20250107T193002Z/KPF_outputs/X_prediction_results.csv
OBF0/HE.OBF0..SHZ__20250107T200728Z__20250107T200828Z.mseed,HE,OBF0,0,0,0,0,2025-01-07 20:07:32.976000,0.168,,,2025-01-07 20:07:28.000000,2025-01-07 20:08:28.000000,eqcct_noise_th0_1/20250107T200728Z_20250107T200828Z/OBF0_outputs/X_prediction_results.csv
TOF/HE.TOF..HHN__20250107T221931Z__20250107T222031Z.mseed,HE,TOF,0,0,0,0,2025-01-07 22:19:35.680000,0.173,,,2025-01-07 22:19:31.000000,2025-01-07 22:20:31.000000,eqcct_noise_th0_1/20250107T221931Z_20250107T222031Z/TOF_outputs/X_prediction_results.csv
KEV/HE.KEV..HHZ__20250108T014938Z__20250108T015038Z.mseed,HE,KEV,0,0,0,0,2025-01-08 01:50:49.070000,0.105,,,2025-01-08 01:49:38.000000,2025-01-08 01:50:38.000000,eqcct_noise_th0_1/20250108T014938Z_20250108T015038Z/KEV_outputs/X_prediction_results.csv
FIA1/HE.FIA1..HHN__20250108T034804Z__20250108T034904Z.mseed,HE,FIA1,0,0,0,0,2025-01-08 03:48:08.330000,0.17,,,2025-01-08 03:48:04.000000,2025-01-08 03:49:04.000000,eqcct_noise_th0_1/20250108T034804Z_20250108T034904Z/FIA1_outputs/X_prediction_results.csv
VUOS/HE.VUOS..HHE__20250108T075019Z__20250108T075119Z.mseed,HE,VUOS,0,0,0,0,2025-01-08 07:50:22.220000,0.686,2025-01-08 07:50:23.460000,0.661,2025-01-08 07:50:19.000000,2025-01-08 07:51:19.000000,eqcct_noise_th0_1/20250108T075019Z_20250108T075119Z/VUOS_outputs/X_prediction_results.csv
KU6/HE.KU6..HHE__20250108T102057Z__20250108T102157Z.mseed,HE,KU6,0,0,0,0,2025-01-08 10:21:01.370000,0.31,,,2025-01-08 10:20:57.000000,2025-01-08 10:21:57.000000,eqcct_noise_th0_1/20250108T102057Z_20250108T102157Z/KU6_outputs/X_prediction_results.csv
LAUT/HE.LAUT..HHN__20250108T102306Z__20250108T102406Z.mseed,HE,LAUT,0,0,0,0,2025-01-08 10:23:10.044000,0.116,,,2025-01-08 10:23:06.000000,2025-01-08 10:24:06.000000,eqcct_noise_th0_1/20250108T102306Z_20250108T102406Z/LAUT_outputs/X_prediction_results.csv
LAUT/HE.LAUT..HHZ__20250108T125253Z__20250108T125353Z.mseed,HE,LAUT,0,0,0,0,2025-01-08 12:52:58.828000,0.156,,,2025-01-08 12:52:53.000000,2025-01-08 12:53:53.000000,eqcct_noise_th0_1/20250108T125253Z_20250108T125353Z/LAUT_outputs/X_prediction_results.csv
KEV/HE.KEV..HHE__20250108T151338Z__20250108T151438Z.mseed,HE,KEV,0,0,0,0,2025-01-08 15:13:42.910000,0.121,,,2025-01-08 15:13:38.000000,2025-01-08 15:14:38.000000,eqcct_noise_th0_1/20250108T151338Z_20250108T151438Z/KEV_outputs/X_prediction_results.csv
RAJF/FN.RAJF..HHE__20250108T231820Z__20250108T231920Z.mseed,FN,RAJF,0,0,0,0,2025-01-08 23:18:24.110000,0.172,,,2025-01-08 23:18:20.000000,2025-01-08 23:19:20.000000,eqcct_noise_th0_1/20250108T231820Z_20250108T231920Z/RAJF_outputs/X_prediction_results.csv
KPF/HE.KPF..HHZ__20250109T003854Z__20250109T003954Z.mseed,HE,KPF,0,0,0,0,2025-01-09 00:40:05.032000,0.107,,,2025-01-09 00:38:54.000000,2025-01-09 00:39:54.000000,eqcct_noise_th0_1/20250109T003854Z_20250109T003954Z/KPF_outputs/X_prediction_results.csv
KEV/HE.KEV..HHE__20250109T004346Z__20250109T004446Z.mseed,HE,KEV,0,0,0,0,2025-01-09 00:43:50.940000,0.319,,,2025-01-09 00:43:46.000000,2025-01-09 00:44:46.000000,eqcct_noise_th0_1/20250109T004346Z_20250109T004446Z/KEV_outputs/X_prediction_results.csv
RAJF/FN.RAJF..HHE__20250109T020620Z__20250109T020720Z.mseed,FN,RAJF,0,0,0,0,2025-01-09 02:06:24.310000,0.165,,,2025-01-09 02:06:20.000000,2025-01-09 02:07:20.000000,eqcct_noise_th0_1/20250109T020620Z_20250109T020720Z/RAJF_outputs/X_prediction_results.csv
KIF/HE.KIF..HHZ__20250109T023900Z__20250109T024000Z.mseed,HE,KIF,0,0,0,0,2025-01-09 02:39:04.970000,0.173,,,2025-01-09 02:39:00.000000,2025-01-09 02:40:00.000000,eqcct_noise_th0_1/20250109T023900Z_20250109T024000Z/KIF_outputs/X_prediction_results.csv
TOF/HE.TOF..HHZ__20250109T044106Z__20250109T044206Z.mseed,HE,TOF,0,0,0,0,2025-01-09 04:41:10.890000,0.132,,,2025-01-09 04:41:06.000000,2025-01-09 04:42:06.000000,eqcct_noise_th0_1/20250109T044106Z_20250109T044206Z/TOF_outputs/X_prediction_results.csv
KEF/HE.KEF..HHN__20250109T052821Z__20250109T052921Z.mseed,HE,KEF,0,0,0,0,2025-01-09 05:28:25.350000,0.134,,,2025-01-09 05:28:21.000000,2025-01-09 05:29:21.000000,eqcct_noise_th0_1/20250109T052821Z_20250109T052921Z/KEF_outputs/X_prediction_results.csv
KEF/HE.KEF..HHN__20250109T082554Z__20250109T082654Z.mseed,HE,KEF,0,0,0,0,2025-01-09 08:26:01.220000,0.541,,,2025-01-09 08:25:54.000000,2025-01-09 08:26:54.000000,eqcct_noise_th0_1/20250109T082554Z_20250109T082654Z/KEF_outputs/X_prediction_results.csv
HEL5/HE.HEL5..HHZ__20250109T114935Z__20250109T115035Z.mseed,HE,HEL5,0,0,0,0,2025-01-09 11:49:39.820000,0.104,,,2025-01-09 11:49:35.000000,2025-01-09 11:50:35.000000,eqcct_noise_th0_1/20250109T114935Z_20250109T115035Z/HEL5_outputs/X_prediction_results.csv
RUF/HE.RUF..HHE__20250109T115434Z__20250109T115534Z.mseed,HE,RUF,0,0,0,0,2025-01-09 11:54:38.886000,0.173,,,2025-01-09 11:54:34.000000,2025-01-09 11:55:34.000000,eqcct_noise_th0_1/20250109T115434Z_20250109T115534Z/RUF_outputs/X_prediction_results.csv
HEF/HE.HEF..HHE__20250109T115511Z__20250109T115611Z.mseed,HE,HEF,0,0,0,0,2025-01-09 11:55:15.540000,0.534,,,2025-01-09 11:55:11.000000,2025-01-09 11:56:11.000000,eqcct_noise_th0_1/20250109T115511Z_20250109T115611Z/HEF_outputs/X_prediction_results.csv
KEV/HE.KEV..HHN__20250109T131440Z__20250109T131540Z.mseed,HE,KEV,0,0,0,0,2025-01-09 13:15:51.370000,0.111,,,2025-01-09 13:14:40.000000,2025-01-09 13:15:40.000000,eqcct_noise_th0_1/20250109T131440Z_20250109T131540Z/KEV_outputs/X_prediction_results.csv
KEV/HE.KEV..HHZ__20250109T180036Z__20250109T180136Z.mseed,HE,KEV,0,0,0,0,2025-01-09 18:01:47.750000,0.101,,,2025-01-09 18:00:36.000000,2025-01-09 18:01:36.000000,eqcct_noise_th0_1/20250109T180036Z_20250109T180136Z/KEV_outputs/X_prediction_results.csv
KIF/HE.KIF..HHN__20250110T020346Z__20250110T020446Z.mseed,HE,KIF,0,0,0,0,2025-01-10 02:03:50.410000,0.578,2025-01-10 02:03:58.570000,0.864,2025-01-10 02:03:46.000000,2025-01-10 02:04:46.000000,eqcct_noise_th0_1/20250110T020346Z_20250110T020446Z/KIF_outputs/X_prediction_results.csv
KEV/HE.KEV..HHZ__20250110T055632Z__20250110T055732Z.mseed,HE,KEV,0,0,0,0,2025-01-10 05:57:43.900000,0.106,,,2025-01-10 05:56:32.000000,2025-01-10 05:57:32.000000,eqcct_noise_th0_1/20250110T055632Z_20250110T055732Z/KEV_outputs/X_prediction_results.csv
OBF0/HE.OBF0..HHN__20250110T071337Z__20250110T071437Z.mseed,HE,OBF0,0,0,0,0,2025-01-10 07:13:41.336000,0.632,,,2025-01-10 07:13:37.000000,2025-01-10 07:14:37.000000,eqcct_noise_th0_1/20250110T071337Z_20250110T071437Z/OBF0_outputs/X_prediction_results.csv
VAF/HE.VAF..HHE__20250110T123518Z__20250110T123618Z.mseed,HE,VAF,0,0,0,0,2025-01-10 12:35:22.980000,0.476,,,2025-01-10 12:35:18.000000,2025-01-10 12:36:18.000000,eqcct_noise_th0_1/20250110T123518Z_20250110T123618Z/VAF_outputs/X_prediction_results.csv
KEV/HE.KEV..HHE__20250110T182344Z__20250110T182444Z.mseed,HE,KEV,0,0,0,0,,,2025-01-10 18:24:20.990000,0.163,2025-01-10 18:23:44.000000,2025-01-10 18:24:44.000000,eqcct_noise_th0_1/20250110T182344Z_20250110T182444Z/KEV_outputs/X_prediction_results.csv
KU1/HE.KU1..SHE__20250110T182358Z__20250110T182458Z.mseed,HE,KU1,0,0,0,0,2025-01-10 18:24:02.648000,0.582,2025-01-10 18:24:21.968000,0.663,2025-01-10 18:23:58.000000,2025-01-10 18:24:58.000000,eqcct_noise_th0_1/20250110T182358Z_20250110T182458Z/KU1_outputs/X_prediction_results.csv
ALAJF/HE.ALAJF..HHN__20250110T221614Z__20250110T221714Z.mseed,HE,ALAJF,0,0,0,0,2025-01-10 22:16:18.248000,0.115,,,2025-01-10 22:16:14.000000,2025-01-10 22:17:14.000000,eqcct_noise_th0_1/20250110T221614Z_20250110T221714Z/ALAJF_outputs/X_prediction_results.csv
JOF/HE.JOF..HHN__20250110T225224Z__20250110T225324Z.mseed,HE,JOF,0,0,0,0,2025-01-10 22:52:28.290000,0.362,,,2025-01-10 22:52:24.000000,2025-01-10 22:53:24.000000,eqcct_noise_th0_1/20250110T225224Z_20250110T225324Z/JOF_outputs/X_prediction_results.csv
OUF/HE.OUF..HHE__20250110T231330Z__20250110T231430Z.mseed,HE,OUF,0,0,0,0,2025-01-10 23:13:32.280000,0.152,2025-01-10 23:13:33.900000,0.721,2025-01-10 23:13:30.000000,2025-01-10 23:14:30.000000,eqcct_noise_th0_1/20250110T231330Z_20250110T231430Z/OUF_outputs/X_prediction_results.csv
VAF/HE.VAF..HHE__20250111T014736Z__20250111T014836Z.mseed,HE,VAF,0,0,0,0,2025-01-11 01:47:40.510000,0.16,,,2025-01-11 01:47:36.000000,2025-01-11 01:48:36.000000,eqcct_noise_th0_1/20250111T014736Z_20250111T014836Z/VAF_outputs/X_prediction_results.csv
VAF/HE.VAF..HHE__20250111T014736Z__20250111T014836Z.mseed,HE,VAF,0,0,0,0,2025-01-11 01:48:46.510000,0.179,,,2025-01-11 01:47:36.000000,2025-01-11 01:48:36.000000,eqcct_noise_th0_1/20250111T014736Z_20250111T014836Z/VAF_outputs/X_prediction_results.csv
RAJF/FN.RAJF..HHZ__20250111T015925Z__20250111T020025Z.mseed,FN,RAJF,0,0,0,0,2025-01-11 02:00:34.930000,0.102,,,2025-01-11 01:59:25.000000,2025-01-11 02:00:25.000000,eqcct_noise_th0_1/20250111T015925Z_20250111T020025Z/RAJF_outputs/X_prediction_results.csv
KORF/HE.KORF..CHN__20250111T034535Z__20250111T034635Z.mseed,HE,KORF,0,0,0,0,2025-01-11 03:46:45.968000,0.114,,,2025-01-11 03:45:35.000000,2025-01-11 03:46:35.000000,eqcct_noise_th0_1/20250111T034535Z_20250111T034635Z/KORF_outputs/X_prediction_results.csv
KEV/HE.KEV..HHN__20250111T063900Z__20250111T064000Z.mseed,HE,KEV,0,0,0,0,2025-01-11 06:40:08.850000,0.138,,,2025-01-11 06:39:00.000000,2025-01-11 06:40:00.000000,eqcct_noise_th0_1/20250111T063900Z_20250111T064000Z/KEV_outputs/X_prediction_results.csv
OBF3/HE.OBF3..HHE__20250111T084417Z__20250111T084517Z.mseed,HE,OBF3,0,0,0,0,2025-01-11 08:44:21.172000,0.211,,,2025-01-11 08:44:17.000000,2025-01-11 08:45:17.000000,eqcct_noise_th0_1/20250111T084417Z_20250111T084517Z/OBF3_outputs/X_prediction_results.csv
HEF/HE.HEF..HHN__20250111T084445Z__20250111T084545Z.mseed,HE,HEF,0,0,0,0,2025-01-11 08:45:55.750000,0.112,,,2025-01-11 08:44:45.000000,2025-01-11 08:45:45.000000,eqcct_noise_th0_1/20250111T084445Z_20250111T084545Z/HEF_outputs/X_prediction_results.csv
HEL1/HE.HEL1..HHZ__20250111T142210Z__20250111T142310Z.mseed,HE,HEL1,0,0,0,0,2025-01-11 14:22:14.936000,0.729,2025-01-11 14:22:30.286000,0.577,2025-01-11 14:22:10.000000,2025-01-11 14:23:10.000000,eqcct_noise_th0_1/20250111T142210Z_20250111T142310Z/HEL1_outputs/X_prediction_results.csv
RAJF/FN.RAJF..BHN__20250111T142543Z__20250111T142643Z.mseed,FN,RAJF,0,0,0,0,2025-01-11 14:26:54.260000,0.121,,,2025-01-11 14:25:43.000000,2025-01-11 14:26:43.000000,eqcct_noise_th0_1/20250111T142543Z_20250111T142643Z/RAJF_outputs/X_prediction_results.csv
KU1/HE.KU1..SHE__20250111T170408Z__20250111T170508Z.mseed,HE,KU1,0,0,0,0,2025-01-11 17:04:12.902000,0.177,,,2025-01-11 17:04:08.000000,2025-01-11 17:05:08.000000,eqcct_noise_th0_1/20250111T170408Z_20250111T170508Z/KU1_outputs/X_prediction_results.csv
FIB6/HE.FIB6..HHZ__20250111T191601Z__20250111T191701Z.mseed,HE,FIB6,0,0,0,0,2025-01-11 19:16:05.510000,0.143,,,2025-01-11 19:16:01.000000,2025-01-11 19:17:01.000000,eqcct_noise_th0_1/20250111T191601Z_20250111T191701Z/FIB6_outputs/X_prediction_results.csv
RUF/HE.RUF..HHE__20250111T211510Z__20250111T211610Z.mseed,HE,RUF,0,0,0,0,2025-01-11 21:15:14.204000,0.11,,,2025-01-11 21:15:10.000000,2025-01-11 21:16:10.000000,eqcct_noise_th0_1/20250111T211510Z_20250111T211610Z/RUF_outputs/X_prediction_results.csv
RSUO/HE.RSUO..HHZ__20250111T233550Z__20250111T233650Z.mseed,HE,RSUO,0,0,0,0,2025-01-11 23:35:54.192000,0.633,,,2025-01-11 23:35:50.000000,2025-01-11 23:36:50.000000,eqcct_noise_th0_1/20250111T233550Z_20250111T233650Z/RSUO_outputs/X_prediction_results.csv
LAUT/HE.LAUT..HHN__20250112T002155Z__20250112T002255Z.mseed,HE,LAUT,0,0,0,0,2025-01-12 00:21:59.464000,0.389,,,2025-01-12 00:21:55.000000,2025-01-12 00:22:55.000000,eqcct_noise_th0_1/20250112T002155Z_20250112T002255Z/LAUT_outputs/X_prediction_results.csv
RAF/HE.RAF..HHZ__20250112T031655Z__20250112T031755Z.mseed,HE,RAF,0,0,0,0,2025-01-12 03:18:05.590000,0.112,,,2025-01-12 03:16:55.000000,2025-01-12 03:17:55.000000,eqcct_noise_th0_1/20250112T031655Z_20250112T031755Z/RAF_outputs/X_prediction_results.csv
KORF/HE.KORF..CHZ__20250112T042010Z__20250112T042110Z.mseed,HE,KORF,0,0,0,0,2025-01-12 04:21:20.536000,0.136,,,2025-01-12 04:20:10.000000,2025-01-12 04:21:10.000000,eqcct_noise_th0_1/20250112T042010Z_20250112T042110Z/KORF_outputs/X_prediction_results.csv
NIF/HE.NIF..HHE__20250112T063639Z__20250112T063739Z.mseed,HE,NIF,0,0,0,0,2025-01-12 06:36:43.090000,0.202,,,2025-01-12 06:36:39.000000,2025-01-12 06:37:39.000000,eqcct_noise_th0_1/20250112T063639Z_20250112T063739Z/NIF_outputs/X_prediction_results.csv
FIB2/HE.FIB2..HHZ__20250112T080747Z__20250112T080847Z.mseed,HE,FIB2,0,0,0,0,2025-01-12 08:07:51.909999,0.316,,,2025-01-12 08:07:47.000000,2025-01-12 08:08:47.000000,eqcct_noise_th0_1/20250112T080747Z_20250112T080847Z/FIB2_outputs/X_prediction_results.csv
KMNF/FN.KMNF..BHN__20250112T081725Z__20250112T081825Z.mseed,FN,KMNF,0,0,0,0,2025-01-12 08:17:29.950000,0.255,,,2025-01-12 08:17:25.000000,2025-01-12 08:18:25.000000,eqcct_noise_th0_1/20250112T081725Z_20250112T081825Z/KMNF_outputs/X_prediction_results.csv
FIB5/HE.FIB5..HHZ__20250112T084507Z__20250112T084607Z.mseed,HE,FIB5,0,0,0,0,2025-01-12 08:45:11.530000,0.283,,,2025-01-12 08:45:07.000000,2025-01-12 08:46:07.000000,eqcct_noise_th0_1/20250112T084507Z_20250112T084607Z/FIB5_outputs/X_prediction_results.csv
FIA0/HE.FIA0..HHN__20250112T093024Z__20250112T093124Z.mseed,HE,FIA0,0,0,0,0,2025-01-12 09:30:28.590000,0.191,,,2025-01-12 09:30:24.000000,2025-01-12 09:31:24.000000,eqcct_noise_th0_1/20250112T093024Z_20250112T093124Z/FIA0_outputs/X_prediction_results.csv
KPF/HE.KPF..HHE__20250112T101552Z__20250112T101652Z.mseed,HE,KPF,0,0,0,0,2025-01-12 10:15:56.390000,0.281,,,2025-01-12 10:15:52.000000,2025-01-12 10:16:52.000000,eqcct_noise_th0_1/20250112T101552Z_20250112T101652Z/KPF_outputs/X_prediction_results.csv
FIB5/HE.FIB5..HHN__20250112T111742Z__20250112T111842Z.mseed,HE,FIB5,0,0,0,0,2025-01-12 11:17:46.010000,0.109,,,2025-01-12 11:17:42.000000,2025-01-12 11:18:42.000000,eqcct_noise_th0_1/20250112T111742Z_20250112T111842Z/FIB5_outputs/X_prediction_results.csv
HEL1/HE.HEL1..HHZ__20250112T145935Z__20250112T150035Z.mseed,HE,HEL1,0,0,0,0,2025-01-12 14:59:40.556000,0.243,,,2025-01-12 14:59:35.000000,2025-01-12 15:00:35.000000,eqcct_noise_th0_1/20250112T145935Z_20250112T150035Z/HEL1_outputs/X_prediction_results.csv
RAJF/FN.RAJF..HHE__20250112T152712Z__20250112T152812Z.mseed,FN,RAJF,0,0,0,0,2025-01-12 15:27:16.650000,0.194,,,2025-01-12 15:27:12.000000,2025-01-12 15:28:12.000000,eqcct_noise_th0_1/20250112T152712Z_20250112T152812Z/RAJF_outputs/X_prediction_results.csv
VRF/HE.VRF..HHN__20250112T161202Z__20250112T161302Z.mseed,HE,VRF,0,0,0,0,2025-01-12 16:12:06.630000,0.357,,,2025-01-12 16:12:02.000000,2025-01-12 16:13:02.000000,eqcct_noise_th0_1/20250112T161202Z_20250112T161302Z/VRF_outputs/X_prediction_results.csv
OBF0/HE.OBF0..HHN__20250112T175546Z__20250112T175646Z.mseed,HE,OBF0,0,0,0,0,2025-01-12 17:56:56.212000,0.175,,,2025-01-12 17:55:46.000000,2025-01-12 17:56:46.000000,eqcct_noise_th0_1/20250112T175546Z_20250112T175646Z/OBF0_outputs/X_prediction_results.csv
KEV/HE.KEV..HHN__20250112T182005Z__20250112T182105Z.mseed,HE,KEV,0,0,0,0,2025-01-12 18:21:13.060000,0.144,,,2025-01-12 18:20:05.000000,2025-01-12 18:21:05.000000,eqcct_noise_th0_1/20250112T182005Z_20250112T182105Z/KEV_outputs/X_prediction_results.csv
RAJF/FN.RAJF..BHN__20250112T225406Z__20250112T225506Z.mseed,FN,RAJF,0,0,0,0,2025-01-12 22:55:17.380000,0.106,,,2025-01-12 22:54:06.000000,2025-01-12 22:55:06.000000,eqcct_noise_th0_1/20250112T225406Z_20250112T225506Z/RAJF_outputs/X_prediction_results.csv
PVF/HE.PVF..CHZ__20250113T003321Z__20250113T003421Z.mseed,HE,PVF,0,0,0,0,2025-01-13 00:33:25.796000,0.199,,,2025-01-13 00:33:21.000000,2025-01-13 00:34:21.000000,eqcct_noise_th0_1/20250113T003321Z_20250113T003421Z/PVF_outputs/X_prediction_results.csv
KMNF/FN.KMNF..HHZ__20250113T012223Z__20250113T012323Z.mseed,FN,KMNF,0,0,0,0,2025-01-13 01:23:34.010000,0.126,,,2025-01-13 01:22:23.000000,2025-01-13 01:23:23.000000,eqcct_noise_th0_1/20250113T012223Z_20250113T012323Z/KMNF_outputs/X_prediction_results.csv
NIF/HE.NIF..HHE__20250113T053234Z__20250113T053334Z.mseed,HE,NIF,0,0,0,0,2025-01-13 05:32:38.732000,0.8,,,2025-01-13 05:32:34.000000,2025-01-13 05:33:34.000000,eqcct_noise_th0_1/20250113T053234Z_20250113T053334Z/NIF_outputs/X_prediction_results.csv
HEF/HE.HEF..HHZ__20250113T105523Z__20250113T105623Z.mseed,HE,HEF,0,0,0,0,2025-01-13 10:55:52.140000,0.182,,,2025-01-13 10:55:23.000000,2025-01-13 10:56:23.000000,eqcct_noise_th0_1/20250113T105523Z_20250113T105623Z/HEF_outputs/X_prediction_results.csv
FIA3/HE.FIA3..HHZ__20250113T121024Z__20250113T121124Z.mseed,HE,FIA3,0,0,0,0,2025-01-13 12:10:28.240000,0.274,,,2025-01-13 12:10:24.000000,2025-01-13 12:11:24.000000,eqcct_noise_th0_1/20250113T121024Z_20250113T121124Z/FIA3_outputs/X_prediction_results.csv
KORF/HE.KORF..CHE__20250113T125342Z__20250113T125442Z.mseed,HE,KORF,0,0,0,0,2025-01-13 12:53:46.396000,0.107,2025-01-13 12:54:31.566000,0.111,2025-01-13 12:53:42.000000,2025-01-13 12:54:42.000000,eqcct_noise_th0_1/20250113T125342Z_20250113T125442Z/KORF_outputs/X_prediction_results.csv
FIA3/HE.FIA3..HHZ__20250113T161543Z__20250113T161643Z.mseed,HE,FIA3,0,0,0,0,2025-01-13 16:15:47.920000,0.103,,,2025-01-13 16:15:43.000000,2025-01-13 16:16:43.000000,eqcct_noise_th0_1/20250113T161543Z_20250113T161643Z/FIA3_outputs/X_prediction_results.csv
KIF/HE.KIF..HHE__20250113T164507Z__20250113T164607Z.mseed,HE,KIF,0,0,0,0,2025-01-13 16:45:11.800000,0.241,2025-01-13 16:45:22.880000,0.561,2025-01-13 16:45:07.000000,2025-01-13 16:46:07.000000,eqcct_noise_th0_1/20250113T164507Z_20250113T164607Z/KIF_outputs/X_prediction_results.csv
SUF/HE.SUF..HHN__20250113T185448Z__20250113T185548Z.mseed,HE,SUF,0,0,0,0,2025-01-13 18:54:54.082000,0.106,,,2025-01-13 18:54:48.000000,2025-01-13 18:55:48.000000,eqcct_noise_th0_1/20250113T185448Z_20250113T185548Z/SUF_outputs/X_prediction_results.csv
