network,station,eqcct_eq_f1,eqcct_ex_f1,eqt_eq_f1,eqt_ex_f1,eqcct_eq_precision,eqcct_ex_precision,eqt_eq_precision,eqt_ex_precision,eqcct_eq_recall,eqcct_ex_recall,eqt_eq_recall,eqt_ex_recall,eq_windows,ex_windows,eqt_avg_f1
FN,KLF,0.8137254901960785,0.3682539682539682,0.8452088452088451,0.360128617363344,0.912087912087912,0.8656716417910447,0.9502762430939228,0.8888888888888888,0.7345132743362832,0.2338709677419354,0.7610619469026548,0.2258064516129032,106.0,41.0,0.6026687312860946
FN,KMNF,0.7730061349693251,0.2857142857142857,0.8352941176470589,0.4444444444444444,0.875,1.0,0.8987341772151899,0.6666666666666666,0.6923076923076923,0.1666666666666666,0.7802197802197802,0.3333333333333333,45.0,2.0,0.6398692810457516
FN,MSF,0.8985507246376812,,0.9090909090909092,,0.9207920792079208,,0.9782608695652174,,0.8773584905660378,,0.8490566037735849,,56.0,,0.9090909090909092
FN,OLKF,0.8818181818181818,0.3636363636363636,0.8899521531100478,0.2891566265060241,0.8981481481481481,0.9285714285714286,0.9587628865979382,0.8571428571428571,0.8660714285714286,0.2260869565217391,0.8303571428571429,0.1739130434782608,59.0,51.0,0.589554389808036
FN,OUL,0.681992337164751,,0.6899563318777292,,0.7542372881355932,,0.9186046511627908,,0.6223776223776224,,0.5524475524475524,,73.0,,0.6899563318777292
FN,RAJF,0.5815602836879433,0.2935323383084577,0.6614173228346457,0.2821158690176322,0.6507936507936508,0.8194444444444444,0.8571428571428571,0.835820895522388,0.5256410256410257,0.1787878787878788,0.5384615384615384,0.1696969696969697,45.0,47.0,0.47176659592613895
FN,RANF,0.847953216374269,0.3474178403755869,0.8414634146341463,0.2821782178217821,0.8841463414634146,0.8705882352941177,0.92,0.9047619047619048,0.8146067415730337,0.2170087976539589,0.7752808988764045,0.1671554252199413,94.0,56.0,0.5618208162279642
FN,RNF,0.8292682926829268,,0.8169014084507042,,0.8693181818181818,,0.8950617283950617,,0.7927461139896373,,0.7512953367875648,,101.0,,0.8169014084507042
FN,SGF,0.6931407942238267,,0.7626459143968871,,0.75,,0.9074074074074074,,0.6442953020134228,,0.6577181208053692,,75.0,,0.7626459143968871
HE,ALAJF,0.7857142857142858,0.3278688524590163,0.8695652173913043,0.2758620689655173,0.6962025316455697,0.9090909090909092,0.925925925925926,1.0,0.9016393442622952,0.2,0.819672131147541,0.16,41.0,13.0,0.5727136431784108
HE,ECKF,,0.4245810055865922,,0.4357541899441341,,0.926829268292683,,0.951219512195122,,0.2753623188405797,,0.2826086956521739,,27.0,0.4357541899441341
HE,FIA0,0.7723577235772359,0.4076923076923077,0.7183673469387755,0.3545279383429672,0.8962264150943396,0.9298245614035088,0.8380952380952381,0.8141592920353983,0.6785714285714286,0.2610837438423645,0.6285714285714286,0.2266009852216748,62.0,76.0,0.5364476426408713
HE,FIA1,0.782258064516129,0.3362068965517241,0.6866952789699572,0.2794759825327511,0.8981481481481481,1.0,0.8602150537634409,0.8888888888888888,0.6928571428571428,0.2020725388601036,0.5714285714285714,0.1658031088082901,63.0,28.0,0.48308563075135413
HE,HEF,0.8343195266272189,0.3377483443708609,0.8622754491017964,0.2837370242214533,0.8703703703703703,0.7727272727272727,0.9113924050632912,0.7735849056603774,0.8011363636363636,0.2161016949152542,0.8181818181818182,0.173728813559322,92.0,42.0,0.5730062366616249
HE,HEL1,0.6060606060606061,0.4157706093189963,0.6666666666666667,0.3882783882783883,0.625,0.935483870967742,0.8260869565217391,0.9464285714285714,0.5882352941176471,0.2672811059907834,0.5588235294117647,0.2442396313364055,20.0,32.0,0.5274725274725275
HE,HEL5,0.5945945945945946,0.3746397694524495,0.5151515151515151,0.3418803418803418,0.7857142857142857,0.9154929577464788,0.85,0.8,0.4782608695652174,0.2355072463768115,0.3695652173913043,0.217391304347826,19.0,41.0,0.42851592851592846
HE,JOF,0.5217391304347826,0.448780487804878,0.2666666666666667,0.4466019417475728,0.6,0.92,1.0,0.9019607843137256,0.4615384615384615,0.2967741935483871,0.1538461538461538,0.2967741935483871,7.0,33.0,0.3566343042071197
HE,KAF,0.7195121951219511,0.4731610337972167,0.7843137254901961,0.4758064516129032,0.7866666666666666,0.9153846153846154,0.9375,0.959349593495935,0.6629213483146067,0.3190348525469169,0.6741573033707865,0.3163538873994638,46.0,76.0,0.6300600885515496
HE,KEF,0.7817258883248732,0.3904382470119522,0.7909604519774012,0.3847695390781562,0.8020833333333334,0.8672566371681416,0.9210526315789472,0.8727272727272727,0.7623762376237624,0.2519280205655527,0.693069306930693,0.2467866323907455,57.0,70.0,0.5878649955277787
HE,KEV,0.8813559322033898,0.3204134366925064,0.8813559322033898,0.3333333333333333,0.9629629629629628,0.8378378378378378,0.9629629629629628,0.8441558441558441,0.8125,0.1980830670926517,0.8125,0.2076677316293929,30.0,49.0,0.6073446327683616
HE,KIF,0.8372093023255814,0.381679389312977,0.8878048780487805,0.3779527559055118,0.8181818181818182,0.8064516129032258,0.91,0.8888888888888888,0.8571428571428571,0.25,0.8666666666666667,0.24,59.0,20.0,0.6328788169771462
HE,KJNF,,0.3711340206185567,,0.326530612244898,,0.782608695652174,,0.6666666666666666,,0.2432432432432432,,0.2162162162162162,,14.0,0.326530612244898
HE,KORF,,0.4304635761589404,,0.4105960264900662,,0.8904109589041096,,0.8493150684931506,,0.2838427947598253,,0.2707423580786026,,46.0,0.4105960264900662
HE,KPF,0.7336683417085427,0.4438502673796792,0.8290155440414507,0.432,0.776595744680851,0.8924731182795699,0.9090909090909092,0.8617021276595744,0.6952380952380952,0.295373665480427,0.7619047619047619,0.2882562277580071,61.0,57.0,0.6305077720207254
HE,KU1,,0.4054054054054054,,0.3822222222222222,,0.8035714285714286,,0.7288135593220338,,0.2710843373493976,,0.2590361445783132,,36.0,0.3822222222222222
HE,KU2,,0.3983050847457627,,0.3598326359832636,,0.8867924528301887,,0.7678571428571429,,0.2568306010928962,,0.2349726775956284,,36.0,0.3598326359832636
HE,KU6,0.8924731182795699,0.3940886699507389,0.9398907103825138,0.2955145118733508,0.912087912087912,0.8888888888888888,0.9772727272727272,0.8888888888888888,0.8736842105263158,0.2531645569620253,0.9052631578947368,0.1772151898734177,49.0,54.0,0.6177026111279323
HE,KUNI,0.6744186046511628,0.3560830860534124,0.6923076923076923,0.3067484662576687,0.7073170731707317,0.8450704225352113,0.8181818181818182,0.8333333333333334,0.6444444444444445,0.225563909774436,0.6,0.18796992481203,24.0,38.0,0.4995280792826805
HE,KY02,,0.4199999999999999,,0.3762376237623762,,1.0,,0.8636363636363636,,0.2658227848101265,,0.240506329113924,,12.0,0.3762376237623762
HE,KY17,,0.4505494505494505,,0.4359673024523161,,0.9010989010989012,,0.851063829787234,,0.3003663003663003,,0.293040293040293,,54.0,0.4359673024523161
HE,LAUT,0.6233766233766234,0.3757575757575758,0.6451612903225806,0.3446153846153846,0.631578947368421,0.9393939393939394,0.8695652173913043,0.918032786885246,0.6153846153846154,0.2348484848484848,0.5128205128205128,0.2121212121212121,24.0,34.0,0.49488833746898264
HE,LOVF,,0.3673469387755102,,0.3553299492385787,,0.9,,0.8536585365853658,,0.2307692307692307,,0.2243589743589743,,22.0,0.3553299492385787
HE,MEF,0.7261146496815287,0.3755656108597284,0.6805555555555556,0.320754716981132,0.8260869565217391,0.8924731182795699,0.875,0.9066666666666666,0.6477272727272727,0.2378223495702005,0.5568181818181818,0.1948424068767908,46.0,55.0,0.5006551362683438
HE,NIF,0.6153846153846154,0.367816091954023,0.64,0.3891050583657587,0.625,0.8888888888888888,0.9411764705882352,1.0,0.6060606060606061,0.2318840579710145,0.4848484848484848,0.2415458937198067,22.0,36.0,0.5145525291828794
HE,NUR,0.7857142857142857,0.3193277310924369,0.791044776119403,0.2713864306784661,0.8870967741935484,0.7916666666666666,0.9464285714285714,0.8518518518518519,0.7051282051282052,0.2,0.6794871794871795,0.1614035087719298,37.0,44.0,0.5312156033989346
HE,OBF0,0.8070175438596492,0.4454148471615721,0.821256038647343,0.4454148471615721,0.8288288288288288,0.9107142857142856,0.9444444444444444,0.9107142857142856,0.7863247863247863,0.2947976878612717,0.7264957264957265,0.2947976878612717,64.0,38.0,0.6333354429044575
HE,OBF3,0.7428571428571429,0.5241935483870969,0.7678571428571428,0.4734693877551021,0.7844827586206896,0.9420289855072465,0.9052631578947368,0.8787878787878788,0.7054263565891473,0.3631284916201117,0.6666666666666666,0.3240223463687151,71.0,42.0,0.6206632653061225
HE,OBF8,0.7107438016528926,0.2184873949579832,0.625,0.1367521367521367,0.8958333333333334,0.9285714285714286,0.7272727272727273,0.6666666666666666,0.589041095890411,0.1238095238095238,0.547945205479452,0.0761904761904762,28.0,12.0,0.38087606837606836
HE,OUF,0.6491228070175439,0.4124513618677042,0.66,0.3888888888888889,0.74,0.8833333333333333,0.9166666666666666,0.8909090909090909,0.578125,0.2690355329949238,0.515625,0.248730964467005,33.0,39.0,0.5244444444444445
HE,PVF,,0.4263736263736263,,0.3548387096774193,,0.8738738738738738,,0.8555555555555555,,0.2819767441860465,,0.2238372093023256,,70.0,0.3548387096774193
HE,RAF,0.7393939393939394,0.4582210242587601,0.713375796178344,0.4486486486486486,0.8356164383561644,0.9444444444444444,0.8615384615384616,0.9325842696629212,0.6630434782608695,0.302491103202847,0.6086956521739131,0.295373665480427,49.0,53.0,0.5810122224134964
HE,RMF,0.6301369863013699,0.4102564102564103,0.7384615384615384,0.351063829787234,0.71875,0.851063829787234,1.0,0.825,0.5609756097560976,0.2702702702702703,0.5853658536585366,0.2229729729729729,18.0,29.0,0.5447626841243862
HE,RSUO,0.4166666666666666,0.4247787610619468,0.5217391304347826,0.3551401869158879,0.5,0.96,0.6666666666666666,1.0,0.3571428571428571,0.2727272727272727,0.4285714285714285,0.2159090909090909,7.0,13.0,0.43843965867533524
HE,RUF,0.7943262411347518,0.4320557491289199,0.7518796992481205,0.4290657439446367,0.7671232876712328,0.8985507246376812,0.7692307692307693,0.8732394366197183,0.8235294117647058,0.2844036697247706,0.7352941176470589,0.2844036697247706,40.0,41.0,0.5904727215963785
HE,SUF,0.6814814814814814,0.3762376237623762,0.6896551724137931,0.3469387755102041,0.7301587301587301,0.8444444444444444,0.9090909090909092,0.8717948717948718,0.6388888888888888,0.2420382165605095,0.5555555555555556,0.2165605095541401,43.0,52.0,0.5182969739619986
HE,TOF,0.7364864864864865,0.3401360544217686,0.8197879858657243,0.313588850174216,0.7956204379562044,0.8620689655172413,0.935483870967742,0.8823529411764706,0.6855345911949685,0.211864406779661,0.7295597484276729,0.1906779661016949,82.0,39.0,0.5666884180199702
HE,TRE03,,0.4166666666666667,,0.3785166240409207,,0.9302325581395348,,0.7956989247311828,,0.2684563758389262,,0.2483221476510067,,60.0,0.3785166240409207
HE,TVF,0.6126126126126126,0.3790322580645161,0.7226890756302522,0.3223140495867768,0.7391304347826086,0.903846153846154,0.7962962962962963,0.8478260869565217,0.5230769230769231,0.2397959183673469,0.6615384615384615,0.1989795918367347,29.0,38.0,0.5225015626085145
HE,VAF,0.8584474885844748,0.4444444444444445,0.8363636363636363,0.4333333333333333,0.8703703703703703,0.918918918918919,0.8440366972477065,0.9558823529411764,0.8468468468468469,0.293103448275862,0.8288288288288288,0.2801724137931034,59.0,45.0,0.6348484848484848
HE,VJF,0.8530805687203792,0.3439490445859873,0.8502415458937198,0.3439490445859873,0.967741935483871,0.8571428571428571,0.9887640449438202,0.8571428571428571,0.7627118644067796,0.2151394422310757,0.7457627118644068,0.2151394422310757,49.0,41.0,0.5970952952398536
HE,VRF,0.6614173228346457,0.3576826196473551,0.672566371681416,0.3113456464379946,0.7241379310344828,0.9102564102564102,0.8636363636363636,0.9833333333333332,0.6086956521739131,0.2225705329153605,0.5507246376811594,0.1849529780564263,37.0,48.0,0.49195600905970527
HE,VUOS,0.7457627118644068,0.3726027397260274,0.6666666666666665,0.2595870206489675,0.7857142857142857,0.8947368421052632,0.85,0.88,0.7096774193548387,0.2352941176470588,0.5483870967741935,0.1522491349480969,18.0,42.0,0.463126843657817
UP,AAL,0.7454545454545455,0.3391812865497076,0.7326732673267328,0.3354037267080745,0.82,0.6904761904761905,0.902439024390244,0.84375,0.6833333333333333,0.2248062015503876,0.6166666666666667,0.2093023255813953,31.0,28.0,0.5340384970174037
