TP,FP,FN,num_preds,num_picks,recall,precision,f1_score,TP_p,TP_s,FP_p,FP_s,FN_p,FN_s,num_preds_p,num_preds_s,num_picks_p,num_picks_s,recall_p,recall_s,precision_p,precision_s,f1_score_p,f1_score_s,network,station,num_rows,num_true_picks,num_predictions
65,4,114,69,179,0.36312849162011174,0.9420289855072463,0.5241935483870969,40,25,1,3,60,54,41,28,100,79,0.4,0.31645569620253167,0.975609756097561,0.8928571428571429,0.5673758865248227,0.4672897196261682,HE,OBF3,42,179,69
119,11,254,130,373,0.3190348525469169,0.9153846153846154,0.4731610337972167,64,55,10,1,111,143,74,56,175,198,0.3657142857142857,0.2777777777777778,0.8648648648648649,0.9821428571428571,0.5140562248995985,0.43307086614173224,HE,KAF,76,373,130
85,5,196,90,281,0.302491103202847,0.9444444444444444,0.4582210242587601,48,37,5,0,86,110,53,37,134,147,0.3582089552238806,0.25170068027210885,0.9056603773584906,1.0,0.5133689839572193,0.40217391304347827,HE,RAF,53,281,90
82,9,191,91,273,0.30036630036630035,0.9010989010989011,0.45054945054945056,48,34,5,4,86,105,53,38,134,139,0.3582089552238806,0.2446043165467626,0.9056603773584906,0.8947368421052632,0.5133689839572193,0.38418079096045205,HE,KY17,54,273,91
46,4,109,50,155,0.2967741935483871,0.92,0.44878048780487806,29,17,3,1,39,70,32,18,68,87,0.4264705882352941,0.19540229885057472,0.90625,0.9444444444444444,0.58,0.32380952380952377,HE,JOF,33,155,50
51,5,122,56,173,0.2947976878612717,0.9107142857142857,0.4454148471615721,35,16,3,2,57,65,38,18,92,81,0.3804347826086957,0.19753086419753085,0.9210526315789473,0.8888888888888888,0.5384615384615384,0.3232323232323232,HE,OBF0,38,173,56
68,6,164,74,232,0.29310344827586204,0.918918918918919,0.4444444444444445,40,28,5,1,67,97,45,29,107,125,0.37383177570093457,0.224,0.8888888888888888,0.9655172413793104,0.5263157894736842,0.36363636363636365,HE,VAF,45,232,74
83,10,198,93,281,0.29537366548042704,0.8924731182795699,0.4438502673796792,53,30,4,6,86,112,57,36,139,142,0.381294964028777,0.2112676056338028,0.9298245614035088,0.8333333333333334,0.5408163265306122,0.33707865168539325,HE,KPF,57,281,93
62,7,156,69,218,0.28440366972477066,0.8985507246376812,0.4320557491289199,39,23,2,5,68,88,41,28,107,111,0.3644859813084112,0.2072072072072072,0.9512195121951219,0.8214285714285714,0.527027027027027,0.33093525179856115,HE,RUF,41,218,69
65,8,164,73,229,0.2838427947598253,0.8904109589041096,0.4304635761589404,42,23,4,4,76,88,46,27,118,111,0.3559322033898305,0.2072072072072072,0.9130434782608695,0.8518518518518519,0.5121951219512195,0.33333333333333337,HE,KORF,46,229,73
97,14,247,111,344,0.2819767441860465,0.8738738738738738,0.42637362637362636,65,32,5,9,114,133,70,41,179,165,0.36312849162011174,0.19393939393939394,0.9285714285714286,0.7804878048780488,0.5220883534136547,0.3106796116504854,HE,PVF,70,344,111
24,1,64,25,88,0.2727272727272727,0.96,0.42477876106194684,13,11,0,1,32,32,13,12,45,43,0.28888888888888886,0.2558139534883721,1.0,0.9166666666666666,0.4482758620689655,0.4,HE,RSUO,13,88,25
38,3,100,41,138,0.2753623188405797,0.926829268292683,0.4245810055865922,24,14,3,0,38,62,27,14,62,76,0.3870967741935484,0.18421052631578946,0.8888888888888888,1.0,0.5393258426966292,0.3111111111111111,HE,ECKF,27,138,41
21,0,58,21,79,0.26582278481012656,1.0,0.41999999999999993,12,9,0,0,27,31,12,9,39,40,0.3076923076923077,0.225,1.0,1.0,0.47058823529411764,0.36734693877551017,HE,KY02,12,79,21
80,6,218,86,298,0.2684563758389262,0.9302325581395349,0.4166666666666667,57,23,2,4,98,120,59,27,155,143,0.36774193548387096,0.16083916083916083,0.9661016949152542,0.8518518518518519,0.5327102803738317,0.27058823529411763,HE,TRE03,60,299,86
58,4,159,62,217,0.2672811059907834,0.9354838709677419,0.41577060931899634,30,28,2,2,75,84,32,30,105,112,0.2857142857142857,0.25,0.9375,0.9333333333333333,0.43795620437956206,0.39436619718309857,HE,HEL1,32,217,62
53,7,144,60,197,0.26903553299492383,0.8833333333333333,0.4124513618677042,36,17,3,4,65,79,39,21,101,96,0.3564356435643564,0.17708333333333334,0.9230769230769231,0.8095238095238095,0.5142857142857142,0.2905982905982906,HE,OUF,39,197,60
40,7,108,47,148,0.2702702702702703,0.851063829787234,0.4102564102564103,29,11,0,7,58,50,29,18,87,61,0.3333333333333333,0.18032786885245902,1.0,0.6111111111111112,0.5,0.2784810126582279,HE,RMF,29,148,47
106,8,300,114,406,0.26108374384236455,0.9298245614035088,0.40769230769230774,72,34,3,5,132,168,75,39,204,202,0.35294117647058826,0.16831683168316833,0.96,0.8717948717948718,0.5161290322580645,0.28215767634854777,HE,FIA0,76,406,114
45,11,121,56,166,0.2710843373493976,0.8035714285714286,0.4054054054054054,32,13,3,8,64,57,35,21,96,70,0.3333333333333333,0.18571428571428572,0.9142857142857143,0.6190476190476191,0.4885496183206106,0.28571428571428575,HE,KU1,36,166,56
47,6,136,53,183,0.2568306010928962,0.8867924528301887,0.3983050847457627,32,15,3,3,74,62,35,18,106,77,0.3018867924528302,0.19480519480519481,0.9142857142857143,0.8333333333333334,0.4539007092198581,0.31578947368421056,HE,KU2,36,183,53
80,10,236,90,316,0.25316455696202533,0.8888888888888888,0.39408866995073893,48,32,6,4,99,137,54,36,147,169,0.32653061224489793,0.1893491124260355,0.8888888888888888,0.8888888888888888,0.47761194029850745,0.31219512195121946,HE,KU6,54,316,90
98,15,291,113,389,0.2519280205655527,0.8672566371681416,0.3904382470119522,60,38,9,6,122,169,69,44,182,207,0.32967032967032966,0.18357487922705315,0.8695652173913043,0.8636363636363636,0.47808764940239046,0.30278884462151395,HE,KEF,70,389,113
25,6,75,31,100,0.25,0.8064516129032258,0.38167938931297707,14,11,6,0,33,42,20,11,47,53,0.2978723404255319,0.20754716981132076,0.7,1.0,0.417910447761194,0.34375000000000006,HE,KIF,20,100,31
47,5,149,52,196,0.23979591836734693,0.9038461538461539,0.3790322580645161,34,13,4,1,58,91,38,14,92,104,0.3695652173913043,0.125,0.8947368421052632,0.9285714285714286,0.5230769230769231,0.22033898305084745,HE,TVF,38,196,52
76,14,238,90,314,0.24203821656050956,0.8444444444444444,0.3762376237623762,43,33,7,7,107,131,50,40,150,164,0.2866666666666667,0.20121951219512196,0.86,0.825,0.43,0.32352941176470595,HE,SUF,52,314,90
62,4,202,66,264,0.23484848484848486,0.9393939393939394,0.3757575757575758,32,30,1,3,97,105,33,33,129,135,0.24806201550387597,0.2222222222222222,0.9696969696969697,0.9090909090909091,0.39506172839506176,0.3571428571428571,HE,LAUT,34,264,66
83,10,266,93,349,0.23782234957020057,0.8924731182795699,0.37556561085972845,51,32,4,6,123,143,55,38,174,175,0.29310344827586204,0.18285714285714286,0.9272727272727272,0.8421052631578947,0.445414847161572,0.3004694835680751,HE,MEF,55,349,93
65,6,211,71,276,0.23550724637681159,0.9154929577464789,0.37463976945244953,40,25,1,5,102,109,41,30,142,134,0.28169014084507044,0.1865671641791045,0.975609756097561,0.8333333333333334,0.4371584699453552,0.3048780487804878,HE,HEL5,41,276,71
68,8,221,76,289,0.23529411764705882,0.8947368421052632,0.3726027397260274,40,28,2,6,106,115,42,34,146,143,0.273972602739726,0.1958041958041958,0.9523809523809523,0.8235294117647058,0.425531914893617,0.3163841807909604,HE,VUOS,42,289,76
18,5,56,23,74,0.24324324324324326,0.782608695652174,0.3711340206185567,13,5,1,4,27,29,14,9,40,34,0.325,0.14705882352941177,0.9285714285714286,0.5555555555555556,0.48148148148148157,0.23255813953488372,HE,KJNF,14,74,23
58,9,190,67,248,0.23387096774193547,0.8656716417910447,0.3682539682539682,34,24,6,3,76,114,40,27,110,138,0.3090909090909091,0.17391304347826086,0.85,0.8888888888888888,0.45333333333333325,0.29090909090909095,FN,KLF,41,248,67
48,6,159,54,207,0.2318840579710145,0.8888888888888888,0.36781609195402304,30,18,5,1,67,92,35,19,97,110,0.30927835051546393,0.16363636363636364,0.8571428571428571,0.9473684210526315,0.4545454545454546,0.27906976744186046,HE,NIF,36,207,54
36,4,120,40,156,0.23076923076923078,0.9,0.3673469387755102,21,15,1,3,53,67,22,18,74,82,0.28378378378378377,0.18292682926829268,0.9545454545454546,0.8333333333333334,0.43749999999999994,0.3,HE,LOVF,22,156,40
78,6,267,84,345,0.22608695652173913,0.9285714285714286,0.36363636363636365,46,32,4,2,113,154,50,34,159,186,0.2893081761006289,0.17204301075268819,0.92,0.9411764705882353,0.44019138755980863,0.2909090909090909,FN,OLKF,51,345,84
71,7,248,78,319,0.2225705329153605,0.9102564102564102,0.35768261964735515,41,30,7,0,106,142,48,30,147,172,0.2789115646258503,0.1744186046511628,0.8541666666666666,1.0,0.4205128205128205,0.297029702970297,HE,VRF,48,319,78
60,11,206,71,266,0.22556390977443608,0.8450704225352113,0.3560830860534124,38,22,0,11,105,101,38,33,143,123,0.26573426573426573,0.17886178861788618,1.0,0.6666666666666666,0.4198895027624309,0.28205128205128205,HE,KUNI,38,266,71
74,11,267,85,341,0.21700879765395895,0.8705882352941177,0.3474178403755869,45,29,7,4,95,172,52,33,140,201,0.32142857142857145,0.14427860696517414,0.8653846153846154,0.8787878787878788,0.46875,0.24786324786324787,FN,RANF,56,341,85
54,9,197,63,251,0.2151394422310757,0.8571428571428571,0.3439490445859873,35,19,6,3,79,118,41,22,114,137,0.30701754385964913,0.1386861313868613,0.8536585365853658,0.8636363636363636,0.45161290322580644,0.23899371069182387,HE,VJF,41,251,63
50,8,186,58,236,0.211864406779661,0.8620689655172413,0.34013605442176864,31,19,8,0,78,108,39,19,109,127,0.28440366972477066,0.14960629921259844,0.7948717948717948,1.0,0.41891891891891897,0.26027397260273977,HE,TOF,39,237,58
29,13,100,42,129,0.2248062015503876,0.6904761904761905,0.33918128654970764,16,13,11,2,31,69,27,15,47,82,0.3404255319148936,0.15853658536585366,0.5925925925925926,0.8666666666666667,0.4324324324324324,0.2680412371134021,UP,AAL,28,129,42
51,15,185,66,236,0.21610169491525424,0.7727272727272727,0.33774834437086093,31,20,11,4,58,127,42,24,89,147,0.34831460674157305,0.1360544217687075,0.7380952380952381,0.8333333333333334,0.47328244274809167,0.23391812865497078,HE,HEF,42,236,66
39,0,154,39,193,0.20207253886010362,1.0,0.33620689655172414,28,11,0,0,65,89,28,11,93,100,0.3010752688172043,0.11,1.0,1.0,0.4628099173553719,0.19819819819819817,HE,FIA1,28,193,39
20,2,80,22,100,0.2,0.9090909090909091,0.32786885245901637,11,9,2,0,35,45,13,9,46,54,0.2391304347826087,0.16666666666666666,0.8461538461538461,1.0,0.3728813559322034,0.2857142857142857,HE,ALAJF,13,100,22
62,12,251,74,313,0.19808306709265175,0.8378378378378378,0.32041343669250644,38,24,7,5,114,137,45,29,152,161,0.25,0.14906832298136646,0.8444444444444444,0.8275862068965517,0.3857868020304568,0.25263157894736843,HE,KEV,49,313,74
57,15,228,72,285,0.2,0.7916666666666666,0.31932773109243695,36,21,8,7,103,125,44,28,139,146,0.2589928057553957,0.14383561643835616,0.8181818181818182,0.75,0.39344262295081966,0.24137931034482754,HE,NUR,44,285,72
59,13,271,72,330,0.1787878787878788,0.8194444444444444,0.2935323383084577,35,24,11,2,120,151,46,26,155,175,0.22580645161290322,0.13714285714285715,0.7608695652173914,0.9230769230769231,0.34825870646766166,0.2388059701492537,FN,RAJF,47,330,72
2,0,10,2,12,0.16666666666666666,1.0,0.2857142857142857,1,1,0,0,5,5,1,1,6,6,0.16666666666666666,0.16666666666666666,1.0,1.0,0.2857142857142857,0.2857142857142857,FN,KMNF,2,12,2
13,1,92,14,105,0.12380952380952381,0.9285714285714286,0.21848739495798322,12,1,0,1,43,49,12,2,55,50,0.21818181818181817,0.02,1.0,0.5,0.3582089552238806,0.038461538461538464,HE,OBF8,12,105,14
